Freq (GHz),s11dB,s11phs,s21db,s21phs
1,-5.40715E-05,148.0588638,-49.05398879,58.06572935
1.019,-1.83222E-14,147.5324065,-48.92381868,57.18640941
1.038,2.70012E-14,147.0040429,-48.79405841,56.31789528
1.057,1.54292E-14,146.4737805,-48.66472872,55.45986357
1.076,3.08585E-14,145.9416273,-48.53584841,54.61199832
1.095,-1.06076E-14,145.4075915,-48.40743441,53.77399103
1.114,3.85731E-15,144.8716819,-48.27950195,52.94554077
1.133,0,144.3339071,-48.15206466,52.12635417
1.152,1.35006E-14,143.7942767,-48.02513468,51.31614542
1.171,1.92865E-14,143.2528,-47.89872274,50.51463623
1.19,2.89298E-14,142.7094869,-47.77283827,49.72155579
1.209,-4.82164E-15,142.1643478,-47.64748949,48.93664065
1.228,2.50725E-14,141.6173931,-47.5226835,48.15963469
1.247,-7.71462E-15,141.0686338,-47.39842635,47.39028895
1.266,3.08585E-14,140.5180809,-47.2747231,46.62836156
1.285,-2.89298E-15,139.965746,-47.15157792,45.87361757
1.304,2.31439E-14,139.4116409,-47.02899414,45.12582882
1.323,2.89298E-14,138.8557777,-46.9069743,44.38477382
1.342,7.71462E-15,138.298169,-46.78552023,43.65023758
1.361,-1.73579E-14,137.7388275,-46.6646331,42.92201145
1.38,-1.54292E-14,137.1777662,-46.54431344,42.19989297
1.399,-3.85731E-15,136.6149985,-46.42456124,41.48368574
1.418,-2.50725E-14,136.0505382,-46.30537593,40.77319919
1.437,3.47158E-14,135.4843992,-46.18675649,40.06824852
1.456,1.54292E-14,134.9165958,-46.06870142,39.36865443
1.475,3.47158E-14,134.3471425,-45.95120883,38.67424306
1.494,-3.66444E-14,133.7760543,-45.83427644,37.98484578
1.513,2.12152E-14,133.2033463,-45.71790164,37.30029905
1.532,-4.43591E-14,132.6290338,-45.60208149,36.62044425
1.551,3.08585E-14,132.0531327,-45.48681276,35.94512757
1.57,3.47158E-14,131.4756589,-45.37209195,35.27419984
1.589,7.71462E-15,130.8966286,-45.25791532,34.60751635
1.608,2.50725E-14,130.3160583,-45.14427892,33.9449368
1.627,-4.05018E-14,129.7339647,-45.03117858,33.28632507
1.646,5.40023E-14,129.150365,-44.91860996,32.63154913
1.665,-1.44649E-14,128.5652762,-44.80656856,31.98048091
1.684,7.71462E-15,127.9787159,-44.69504972,31.33299618
1.703,-2.89298E-15,127.3907017,-44.58404865,30.68897438
1.722,1.92865E-14,126.8012516,-44.47356045,30.04829858
1.741,-5.5931E-14,126.2103838,-44.3635801,29.41085526
1.76,2.12152E-14,125.6181164,-44.25410249,28.77653431
1.779,3.47158E-14,125.0244682,-44.14512243,28.14522883
1.798,5.78596E-15,124.4294577,-44.03663465,27.51683506
1.817,4.62877E-14,123.833104,-43.92863383,26.89125229
1.836,-3.18228E-14,123.235426,-43.82111458,26.26838273
1.855,1.92865E-14,122.6364431,-43.71407148,25.64813144
1.874,5.78596E-15,122.0361747,-43.60749904,25.03040623
1.893,-3.08585E-14,121.4346402,-43.50139178,24.41511754
1.912,-1.54292E-14,120.8318594,-43.39574417,23.80217841
1.931,2.70012E-14,120.2278521,-43.29055065,23.19150434
1.95,7.71462E-15,119.6226383,-43.18580567,22.58301325
1.969,1.35006E-14,119.016238,-43.08150365,21.97662536
1.988,-1.35006E-14,118.4086713,-42.97763902,21.37226316
2.007,1.54292E-14,117.7999586,-42.87420621,20.76985131
2.026,1.92865E-15,117.1901201,-42.77119963,20.16931657
2.045,-1.73579E-14,116.5791764,-42.66861373,19.57058772
2.064,-4.24304E-14,115.9671477,-42.56644294,18.97359553
2.083,-3.85731E-15,115.3540548,-42.46468173,18.37827268
2.102,-7.71462E-15,114.7399182,-42.36332455,17.78455366
2.121,0,114.1247584,-42.26236591,17.19237477
2.14,-4.53234E-14,113.5085961,-42.1618003,16.60167404
2.159,-3.08585E-14,112.8914521,-42.06162227,16.01239115
2.178,-3.85731E-15,112.2733468,-41.96182635,15.42446742
2.197,-2.31439E-14,111.654301,-41.86240714,14.83784572
2.216,3.47158E-14,111.0343354,-41.76335924,14.25247044
2.235,-1.15719E-14,110.4134705,-41.66467728,13.66828745
2.254,-1.92865E-15,109.7917269,-41.56635592,13.08524402
2.273,1.15719E-14,109.1691252,-41.46838986,12.50328882
2.292,2.31439E-14,108.5456858,-41.37077382,11.92237185
2.311,-1.92865E-14,107.9214292,-41.27350256,11.34244438
2.33,1.73579E-14,107.2963756,-41.17657086,10.76345896
2.349,-3.66444E-14,106.6705454,-41.07997354,10.18536935
2.368,3.27871E-14,106.0439588,-40.98370545,9.608130477
2.387,-2.50725E-14,105.4166357,-40.88776148,9.03169841
2.406,3.08585E-14,104.7885961,-40.79213654,8.456030327
2.425,4.05018E-14,104.1598598,-40.69682559,7.881084477
2.444,7.71462E-15,103.5304466,-40.60182362,7.306820149
2.463,-2.21795E-14,102.900376,-40.50712564,6.733197639
2.482,-4.05018E-14,102.2696674,-40.41272671,6.160178221
2.501,2.31439E-14,101.6383401,-40.31862192,5.587724118
2.52,-2.60368E-14,101.006413,-40.22480638,5.015798472
2.539,1.92865E-15,100.3739053,-40.13127525,4.444365321
2.558,-9.64327E-16,99.74083544,-40.03802371,3.873389567
2.577,-3.47158E-14,99.1072221,-39.94504699,3.302836955
2.596,-4.24304E-14,98.47308359,-39.85234033,2.732674044
2.615,2.31439E-14,97.83843802,-39.75989903,2.162868188
2.634,-3.66444E-14,97.20330331,-39.66771839,1.593387513
2.653,-3.37515E-14,96.56769714,-39.57579377,1.024200888
2.672,-1.15719E-14,95.93163697,-39.48412054,0.455277911
2.691,3.85731E-15,95.29514002,-39.39269411,-0.113411113
2.71,3.66444E-14,94.65822328,-39.30150992,-0.681895197
2.729,1.54292E-14,94.02090346,-39.21056344,-1.250202684
2.748,3.66444E-14,93.38319705,-39.11985017,-1.818361273
2.767,5.78596E-15,92.74512025,-39.02936563,-2.386398031
2.786,-3.47158E-14,92.10668901,-38.93910538,-2.954339416
2.805,0,91.467919,-38.849065,-3.522211287
2.824,3.85731E-15,90.82882561,-38.75924009,-4.090038929
2.843,7.71462E-15,90.18942395,-38.6696263,-4.657847063
2.862,-1.92865E-14,89.54972883,-38.58021929,-5.225659861
2.881,-3.37515E-14,88.90975478,-38.49101474,-5.793500964
2.9,-1.15719E-14,88.26951603,-38.40200836,-6.361393496
2.919,-4.24304E-14,87.6290265,-38.31319589,-6.929360077
2.938,1.92865E-15,86.98829981,-38.22457309,-7.497422834
2.957,-4.24304E-14,86.34734927,-38.13613574,-8.065603419
2.976,-2.70012E-14,85.70618788,-38.04787965,-8.63392302
2.995,-1.83222E-14,85.0648283,-37.95980064,-9.202402369
3.014,1.15719E-14,84.42328291,-37.87189456,-9.771061761
3.033,-7.71462E-15,83.78156373,-37.78415729,-10.33992106
3.052,2.89298E-14,83.13968248,-37.69658469,-10.90899971
3.071,1.92865E-14,82.49765053,-37.6091727,-11.47831676
3.09,2.31439E-14,81.85547895,-37.52191723,-12.04789085
3.109,3.85731E-14,81.21317846,-37.43481423,-12.61774022
3.128,-2.12152E-14,80.57075943,-37.34785966,-13.18788277
3.147,2.31439E-14,79.92823193,-37.2610495,-13.75833601
3.166,0,79.28560567,-37.17437976,-14.32911709
3.185,2.89298E-14,78.64289004,-37.08784644,-14.90024282
3.204,0,78.00009407,-37.00144556,-15.47172967
3.223,0,77.35722647,-36.91517319,-16.04359377
3.242,3.85731E-15,76.7142956,-36.82902536,-16.61585094
3.261,0,76.07130948,-36.74299816,-17.18851666
3.28,-3.37515E-14,75.4282758,-36.65708766,-17.76160615
3.299,-2.12152E-14,74.78520191,-36.57128997,-18.33513427
3.318,2.12152E-14,74.14209481,-36.48560119,-18.90911564
3.337,-3.56801E-14,73.49896116,-36.40001745,-19.48356457
3.356,7.71462E-15,72.85580729,-36.31453487,-20.05849508
3.375,-3.27871E-14,72.2126392,-36.2291496,-20.63392095
3.394,-3.85731E-15,71.56946252,-36.14385778,-21.20985567
3.413,-2.12152E-14,70.92628258,-36.05865559,-21.78631249
3.432,-1.92865E-14,70.28310436,-35.97353918,-22.36330439
3.451,-3.08585E-14,69.63993251,-35.88850473,-22.94084411
3.47,3.47158E-14,68.99677133,-35.80354844,-23.51894416
3.489,1.35006E-14,68.35362482,-35.7186665,-24.0976168
3.508,3.47158E-14,67.71049661,-35.63385509,-24.67687407
3.527,3.85731E-14,67.06739005,-35.54911044,-25.25672779
3.546,1.35006E-14,66.42430812,-35.46442874,-25.83718955
3.565,2.70012E-14,65.7812535,-35.37980623,-26.41827074
3.584,-6.75029E-15,65.13822854,-35.2952391,-26.99998254
3.603,3.47158E-14,64.49523528,-35.21072361,-27.58233592
3.622,9.64327E-15,63.85227542,-35.12625596,-28.16534166
3.641,1.92865E-15,63.20935036,-35.04183239,-28.74901034
3.66,1.54292E-14,62.56646119,-34.95744915,-29.33335236
3.679,3.66444E-14,61.92360867,-34.87310245,-29.91837793
3.698,-7.71462E-15,61.28079326,-34.78878855,-30.50409708
3.717,-1.15719E-14,60.63801512,-34.70450369,-31.09051968
3.736,-2.41082E-14,59.99527409,-34.62024409,-31.6776554
3.755,5.78596E-15,59.35256972,-34.53600602,-32.26551378
3.774,-1.54292E-14,58.70990126,-34.45178569,-32.85410417
3.793,1.54292E-14,58.06726764,-34.36757936,-33.44343576
3.812,-4.82164E-15,57.42466753,-34.28338327,-34.03351762
3.831,-5.78596E-15,56.78209928,-34.19919365,-34.62435863
3.85,2.50725E-14,56.13956095,-34.11500674,-35.21596754
3.869,-3.08585E-14,55.49705033,-34.03081877,-35.80835296
3.888,-3.08585E-14,54.85456491,-33.94662597,-36.40152337
3.907,-1.44649E-14,54.21210189,-33.86242457,-36.99548709
3.926,-3.47158E-14,53.56965821,-33.77821079,-37.59025232
3.945,-2.21795E-14,52.9272305,-33.69398085,-38.18582714
3.964,2.12152E-14,52.28481516,-33.60973097,-38.7822195
3.983,-7.71462E-15,51.64240826,-33.52545736,-39.37943723
4.002,-2.02509E-14,51.00000564,-33.44115622,-39.97748804
4.021,2.31439E-14,50.35760284,-33.35682375,-40.57637952
4.04,1.92865E-15,49.71519516,-33.27245614,-41.17611916
4.059,-2.50725E-14,49.07277761,-33.18804957,-41.77671434
4.078,2.12152E-14,48.43034495,-33.10360024,-42.37817233
4.097,2.12152E-14,47.78789166,-33.01910429,-42.98050031
4.116,-3.08585E-14,47.14541199,-32.9345579,-43.58370535
4.135,1.54292E-14,46.50289989,-32.84995723,-44.18779444
4.154,1.73579E-14,45.86034908,-32.76529841,-44.79277447
4.173,7.71462E-15,45.21775302,-32.68057759,-45.39865224
4.192,3.66444E-14,44.57510492,-32.59579088,-46.00543447
4.211,3.85731E-15,43.93239771,-32.51093441,-46.61312779
4.23,-4.05018E-14,43.2896241,-32.42600428,-47.22173878
4.249,-3.18228E-14,42.64677652,-32.34099659,-47.83127391
4.268,-7.71462E-15,42.00384719,-32.25590741,-48.4417396
4.287,-1.25363E-14,41.36082803,-32.17073283,-49.05314219
4.306,0,40.71771075,-32.08546889,-49.66548796
4.325,1.54292E-14,40.07448679,-32.00011165,-50.27878314
4.344,1.15719E-14,39.43114735,-31.91465713,-50.89303388
4.363,-2.12152E-14,38.78768339,-31.82910136,-51.50824629
4.382,-2.21795E-14,38.14408562,-31.74344035,-52.12442641
4.401,4.82164E-14,37.50034448,-31.65767008,-52.74158026
4.42,1.15719E-14,36.8564502,-31.57178653,-53.35971379
4.439,-2.70012E-14,36.21239273,-31.48578566,-53.97883292
4.458,1.35006E-14,35.5681618,-31.39966341,-54.59894353
4.477,4.62877E-14,34.92374687,-31.31341573,-55.22005145
4.496,1.73579E-14,34.27913716,-31.2270385,-55.84216251
4.515,-3.66444E-14,33.63432164,-31.14052764,-56.46528248
4.534,5.40023E-14,32.98928903,-31.05387902,-57.08941712
4.553,-4.05018E-14,32.3440278,-30.9670885,-57.71457217
4.572,1.15719E-14,31.69852615,-30.88015192,-58.34075334
4.591,4.62877E-14,31.05277206,-30.7930651,-58.96796635
4.61,-1.06076E-14,30.40675322,-30.70582385,-59.59621688
4.629,-2.21795E-14,29.76045707,-30.61842394,-60.22551064
4.648,-0.003851865,29.1138708,-30.53086113,-60.85585329
4.667,-0.008903859,28.46698132,-30.44313118,-61.48725054
4.686,-0.013820194,27.8197753,-30.35522979,-62.11970807
4.705,-0.018598544,27.17223912,-30.26715267,-62.75323158
4.724,-0.023236615,26.5243589,-30.17889548,-63.3878268
4.743,-0.02773214,25.87612047,-30.09045389,-64.02349945
4.762,-0.032082883,25.22750941,-30.00182351,-64.66025529
4.781,-0.036286637,24.57851099,-29.91299996,-65.29810011
4.8,-0.040341226,23.92911022,-29.82397881,-65.9370397
4.819,-0.044244504,23.27929181,-29.73475561,-66.57707993
4.838,-0.047994353,22.62904017,-29.64532589,-67.21822668
4.857,-0.051588687,21.97833943,-29.55568516,-67.86048587
4.876,-0.055025449,21.3271734,-29.46582888,-68.50386349
4.895,-0.058302612,20.67552559,-29.3757525,-69.14836557
4.914,-0.06141818,20.02337921,-29.28545145,-69.79399821
4.933,-0.064370186,19.37071713,-29.1949211,-70.44076756
4.952,-0.067156693,18.71752192,-29.10415683,-71.08867985
4.971,-0.069775796,18.0637758,-29.01315395,-71.73774138
4.99,-0.072225618,17.40946066,-28.92190776,-72.38795854
5.009,-0.074504315,16.75455805,-28.83041354,-73.03933778
5.028,-0.076610071,16.09904918,-28.73866651,-73.69188567
5.047,-0.078541101,15.44291488,-28.64666188,-74.34560887
5.066,-0.080295652,14.78613564,-28.55439482,-75.00051414
5.085,-0.081872001,14.12869156,-28.46186044,-75.65660834
5.104,-0.083268453,13.47056238,-28.36905386,-76.31389846
5.123,-0.084483349,12.81172741,-28.27597013,-76.97239161
5.142,-0.085515057,12.15216562,-28.18260428,-77.63209502
5.161,-0.086361977,11.49185553,-28.08895129,-78.29301608
5.18,-0.087022541,10.83077525,-27.9950061,-78.95516228
5.199,-0.087495212,10.16890249,-27.90076364,-79.61854131
5.218,-0.087778484,9.506214479,-27.80621875,-80.28316098
5.237,-0.087870884,8.842688037,-27.71136628,-80.94902929
5.256,-0.08777097,8.178299506,-27.616201,-81.61615439
5.275,-0.087477331,7.513024761,-27.52071764,-82.28454462
5.294,-0.086988592,6.846839196,-27.42491092,-82.95420852
5.313,-0.086303407,6.179717708,-27.32877548,-83.62515482
5.332,-0.085420465,5.511634686,-27.23230592,-84.29739246
5.351,-0.084338488,4.842563997,-27.13549679,-84.97093058
5.37,-0.083056231,4.172478974,-27.03834262,-85.64577856
5.389,-0.081572483,3.501352397,-26.94083786,-86.32194602
5.408,-0.079886068,2.829156483,-26.84297691,-86.99944279
5.427,-0.077995845,2.155862867,-26.74475413,-87.678279
5.446,-0.075900707,1.481442589,-26.64616384,-88.35846501
5.465,-0.073599584,0.805866072,-26.54720026,-89.04001147
5.484,-0.071091442,0.129103112,-26.44785761,-89.72292932
5.503,-0.068375284,-0.548877148,-26.34813001,-90.40722977
5.522,-0.065450151,-1.228106229,-26.24801155,-91.09292438
5.541,-0.06231512,-1.908616341,-26.14749625,-91.78002499
5.56,-0.05896931,-2.5904404,-26.04657805,-92.4685438
5.579,-0.055411878,-3.273612049,-25.94525087,-93.15849335
5.598,-0.051642021,-3.95816568,-25.84350853,-93.84988654
5.617,-0.047658979,-4.644136458,-25.7413448,-94.54273663
5.636,-0.043462035,-5.331560338,-25.63875338,-95.23705729
5.655,-0.039050511,-6.020474097,-25.53572789,-95.93286256
5.674,-0.03442378,-6.710915352,-25.43226191,-96.63016693
5.693,-0.029581256,-7.402922589,-25.32834893,-97.3289853
5.712,-0.024522401,-8.096535188,-25.22398235,-98.02933302
5.731,-0.019246726,-8.791793451,-25.11915552,-98.73122591
5.75,-0.013753793,-9.488738631,-25.01386171,-99.43468026
5.769,-0.008043213,-10.18741296,-24.90809409,-100.1397129
5.788,-0.00211465,-10.88785968,-24.80184578,-100.8463411
5.807,4.24304E-14,-11.59012308,-24.6951098,-101.5545827
5.826,1.35006E-14,-12.29424851,-24.58787908,-102.2644561
5.845,3.47158E-14,-13.00028245,-24.48014648,-102.9759804
5.864,1.92865E-15,-13.7082725,-24.37190474,-103.689175
5.883,-1.92865E-15,-14.41826747,-24.26314656,-104.4040603
5.902,7.71462E-15,-15.13031734,-24.1538645,-105.1206569
5.921,-1.92865E-15,-15.84447341,-24.04405104,-105.8389864
5.94,-1.15719E-14,-16.56078822,-23.93369857,-106.559071
5.959,3.08585E-14,-17.27931569,-23.82279938,-107.2809336
5.978,2.12152E-14,-18.0001111,-23.71134563,-108.0045978
5.997,3.47158E-14,-18.72323118,-23.59932942,-108.730088
6.016,3.08585E-14,-19.4487341,-23.4867427,-109.4574294
6.035,3.27871E-14,-20.1766796,-23.37357734,-110.186648
6.054,1.73579E-14,-20.90712896,-23.25982507,-110.9177707
6.073,-2.12152E-14,-21.6401451,-23.14547754,-111.6508251
6.092,-4.82164E-14,-22.37579263,-23.03052624,-112.38584
6.111,0,-23.11413786,-22.91496257,-113.122845
6.13,-3.08585E-14,-23.85524896,-22.7987778,-113.8618706
6.149,5.78596E-14,-24.59919588,-22.68196304,-114.6029484
6.168,-5.78596E-15,-25.34605056,-22.56450933,-115.3461112
6.187,2.89298E-14,-26.09588687,-22.44640752,-116.0913925
6.206,-1.06076E-14,-26.84878075,-22.32764835,-116.8388274
6.225,1.15719E-14,-27.60481028,-22.20822241,-117.5884519
6.244,-3.76088E-14,-28.36405569,-22.08812017,-118.3403032
6.263,1.73579E-14,-29.12659952,-21.96733191,-119.0944199
6.282,-4.7252E-14,-29.89252664,-21.8458478,-119.8508419
6.301,2.70012E-14,-30.66192433,-21.72365783,-120.6096104
6.32,2.31439E-14,-31.43488239,-21.60075184,-121.370768
6.339,-5.78596E-15,-32.21149324,-21.47711951,-122.1343588
6.358,-3.08585E-14,-32.99185195,-21.35275036,-122.9004285
6.377,-1.06076E-14,-33.77605638,-21.22763373,-123.6690242
6.396,9.64327E-15,-34.56420727,-21.10175879,-124.4401949
6.415,-2.50725E-14,-35.35640833,-20.97511453,-125.213991
6.434,-3.66444E-14,-36.15276636,-20.84768977,-125.990465
6.453,-1.15719E-14,-36.95339131,-20.71947312,-126.769671
6.472,-3.85731E-14,-37.75839645,-20.59045304,-127.5516652
6.491,-1.15719E-14,-38.56789845,-20.46061774,-128.3365055
6.51,1.15719E-14,-39.3820175,-20.32995529,-129.1242522
6.529,-4.7252E-14,-40.20087744,-20.19845352,-129.9149676
6.548,2.50725E-14,-41.02460588,-20.06610006,-130.7087162
6.567,3.85731E-14,-41.85333432,-19.93288234,-131.505565
6.586,2.50725E-14,-42.68719831,-19.79878755,-132.3055833
6.605,2.70012E-14,-43.52633755,-19.6638027,-133.1088428
6.624,3.08585E-14,-44.37089606,-19.52791452,-133.9154182
6.643,-2.79655E-14,-45.22102232,-19.39110956,-134.7253865
6.662,-7.71462E-15,-46.07686941,-19.25337411,-135.5388279
6.681,9.64327E-15,-46.93859515,-19.11469423,-136.3558255
6.7,1.35006E-14,-47.80636232,-18.97505573,-137.1764653
6.719,-7.71462E-15,-48.68033871,-18.83444418,-138.0008367
6.738,-2.12152E-14,-49.56069739,-18.69284489,-138.8290325
6.757,-4.43591E-14,-50.44761683,-18.55024293,-139.661149
6.776,-1.54292E-14,-51.34128104,-18.40662309,-140.497286
6.795,7.71462E-15,-52.24187982,-18.26196992,-141.3375474
6.814,-3.85731E-15,-53.14960884,-18.11626769,-142.1820408
6.833,5.78596E-15,-54.06466989,-17.96950039,-143.0308783
6.852,-2.41082E-14,-54.98727103,-17.82165175,-143.884176
6.871,7.71462E-15,-55.91762676,-17.67270523,-144.7420549
6.89,-6.75029E-15,-56.85595819,-17.52264398,-145.6046405
6.909,-1.63936E-14,-57.80249324,-17.37145092,-146.4720634
6.928,1.92865E-14,-58.7574668,-17.21910863,-147.3444594
6.947,-4.05018E-14,-59.72112088,-17.06559945,-148.2219696
6.966,2.31439E-14,-60.69370481,-16.91090543,-149.1047411
6.985,0,-61.67547535,-16.7550083,-149.9929266
7.004,4.62877E-14,-62.6666969,-16.59788956,-150.8866854
7.023,-1.15719E-14,-63.66764157,-16.4395304,-151.7861829
7.042,-4.05018E-14,-64.67858936,-16.27991173,-152.6915918
7.061,4.05018E-14,-65.69982822,-16.11901419,-153.6030916
7.08,-2.50725E-14,-66.73165418,-15.95681818,-154.5208695
7.099,3.08585E-14,-67.77437141,-15.79330379,-155.4451206
7.118,3.85731E-14,-68.82829223,-15.62845089,-156.3760482
7.137,-2.70012E-14,-69.89373719,-15.4622391,-157.3138642
7.156,4.43591E-14,-70.97103498,-15.29464783,-158.2587896
7.175,-1.83222E-14,-72.06052241,-15.12565623,-159.2110551
7.194,2.12152E-14,-73.16254429,-14.95524329,-160.1709012
7.213,-3.27871E-14,-74.27745329,-14.78338782,-161.1385791
7.232,3.85731E-14,-75.4056097,-14.61006845,-162.1143507
7.251,-3.47158E-14,-76.54738121,-14.43526371,-163.0984899
7.27,1.35006E-14,-77.70314247,-14.25895201,-164.0912823
7.289,2.70012E-14,-78.87327473,-14.08111172,-165.0930268
7.308,2.31439E-14,-80.05816529,-13.90172117,-166.1040352
7.327,1.54292E-14,-81.25820688,-13.72075872,-167.1246337
7.346,-1.35006E-14,-82.4737969,-13.5382028,-168.1551632
7.365,3.47158E-14,-83.70533658,-13.35403197,-169.1959802
7.384,0,-84.95322998,-13.16822501,-170.2474575
7.403,2.31439E-14,-86.21788283,-12.98076094,-171.3099851
7.422,7.71462E-15,-87.49970121,-12.79161916,-172.383971
7.441,-1.15719E-14,-88.79909005,-12.60077949,-173.4698421
7.46,5.78596E-15,-90.1164515,-12.40822232,-174.5680453
7.479,1.92865E-14,-91.45218296,-12.21392872,-175.6790482
7.498,3.08585E-14,-92.80667501,-12.01788053,-176.8033405
7.517,-2.31439E-14,-94.18030906,-11.82006057,-177.9414346
7.536,3.47158E-14,-95.57345474,-11.62045273,-179.0938673
7.555,7.71462E-15,-96.98646703,-11.41904224,179.7387998
7.574,1.73579E-14,-98.41968312,-11.21581578,178.5559783
7.593,-2.12152E-14,-99.87341902,-11.01076178,177.3570524
7.612,3.47158E-14,-101.3479658,-10.80387062,176.1413774
7.631,-4.43591E-14,-102.8435857,-10.59513497,174.9082787
7.65,-3.47158E-14,-104.3605077,-10.38455001,173.6570502
7.669,5.78596E-15,-105.8989229,-10.17211386,172.386953
7.688,-1.15719E-14,-107.4589801,-9.95782792,171.0972148
7.707,-4.05018E-14,-109.0407801,-9.741697291,169.7870279
7.726,1.15719E-14,-110.644371,-9.523731245,168.4555486
7.745,9.64327E-15,-112.2697419,-9.303943737,167.1018957
7.764,-1.54292E-14,-113.9168183,-9.082353967,165.7251499
7.783,2.12152E-14,-115.5854553,-8.858987002,164.3243527
7.802,3.27871E-14,-117.2754327,-8.633874448,162.8985059
7.821,-2.21795E-14,-118.9864485,-8.407055199,161.4465712
7.84,1.92865E-14,-120.718114,-8.17857624,159.96747
7.859,1.92865E-14,-122.4699478,-7.948493533,158.4600834
7.878,4.62877E-14,-124.2413711,-7.716872964,156.9232533
7.897,-0.024632728,-126.0317028,-7.483791375,155.3557832
7.916,-0.123547387,-127.8401554,-7.249337669,153.7564403
7.935,-0.22936112,-129.6658314,-7.013613989,152.1239577
7.954,-0.342356211,-131.5077205,-6.776736972,150.4570378
7.973,-0.462815441,-133.3646975,-6.538839072,148.7543569
7.992,-0.591021251,-135.2355208,-6.300069938,147.0145705
8.011,-0.727254942,-137.1188325,-6.06059784,145.2363202
8.03,-0.871795946,-139.0131588,-5.820611133,143.4182419
8.049,-1.024921198,-140.9169116,-5.580319713,141.5589756
8.068,-1.186904623,-142.8283907,-5.339956464,139.6571778
8.087,-1.358016793,-144.7457877,-5.099778637,137.7115345
8.106,-1.538524759,-146.6671892,-4.860069131,135.7207779
8.125,-1.728692105,-148.590582,-4.621137606,133.6837042
8.144,-1.928779241,-150.5138575,-4.383321379,131.5991946
8.163,-2.139043974,-152.4348168,-4.14698602,129.4662384
8.182,-2.359742362,-154.3511755,-3.91252556,127.2839585
8.201,-2.591129901,-156.2605677,-3.680362232,125.0516391
8.22,-2.833463029,-158.1605493,-3.450945635,122.7687557
8.239,-3.087000999,-160.0486001,-3.224751226,120.4350061
8.258,-3.352008111,-161.922123,-3.002278044,118.0503426
8.277,-3.628756326,-163.7784427,-2.78404557,115.6150045
8.296,-3.917528275,-165.6147991,-2.570589652,113.1295496
8.315,-4.218620672,-167.4283394,-2.362457456,110.5948833
8.334,-4.532348144,-169.2161039,-2.160201408,108.0122851
8.353,-4.859047498,-170.9750075,-1.964372179,105.3834296
8.372,-5.199082437,-172.7018156,-1.775510782,102.7104013
8.391,-5.552848743,-174.3931108,-1.594139925,99.99570165
8.41,-5.920779963,-176.0452531,-1.420754825,97.24224678
8.429,-6.303353611,-177.6543275,-1.255813743,94.45335468
8.448,-6.701097912,-179.2160805,-1.099728554,91.63272141
8.467,-7.114599119,179.27416,-0.952855714,88.78438578
8.486,-7.544509394,177.8215831,-0.815487981,85.91268293
8.505,-7.991555245,176.4320173,-0.687847282,83.02218762
8.524,-8.456546442,175.112082,-0.570079037,80.11764884
8.543,-8.940385252,173.8693762,-0.462248248,77.20391764
8.562,-9.444075698,172.7127138,-0.364337536,74.2858709
8.581,-9.968732283,171.6524198,-0.276247235,71.3683337
8.6,-10.51558724,170.7007022,-0.197797544,68.45600311
8.619,-11.08599475,169.8721236,-0.128732625,65.55337635
8.638,-11.6814294,169.1841998,-0.068726435,62.66468567
8.657,-12.3034747,168.6581619,-0.017390022,59.79384204
8.676,-12.95379437,168.3199249,-3.95374E-14,56.94438906
8.695,-13.63407494,168.2013141,-5.49667E-14,54.11946806
8.714,-14.34592063,168.3415981,3.08585E-14,51.3217946
8.733,-15.09067007,168.7893588,-3.85731E-15,48.55364591
8.752,-15.86908553,169.6046612,7.71462E-15,45.81685878
8.771,-16.68083798,170.8613234,1.35006E-14,43.1128365
8.79,-17.52367213,172.6487183,-5.0145E-14,40.44256355
8.809,-18.39209244,175.0718061,-3.85731E-15,37.80662654
8.828,-19.27539292,178.2467805,2.89298E-14,35.2052399
8.847,-20.15495176,-177.7121836,1.92865E-15,32.63827477
8.866,-21.00113223,-172.7211082,-3.47158E-14,30.10528982
8.885,-21.77117463,-166.7730254,7.71462E-15,27.60556283
8.904,-22.41110804,-159.9948286,-2.50725E-14,25.13812205
8.923,-22.86544162,-152.6822126,2.89298E-14,22.70177654
8.942,-23.09472343,-145.267983,3.85731E-14,20.29514501
8.961,-23.09235243,-138.2138188,-3.27871E-14,17.91668256
8.98,-22.88784167,-131.8838324,3.08585E-14,15.56470527
8.999,-22.53369729,-126.4769761,3.85731E-15,13.2374124
9.018,-22.08667039,-122.037998,-3.27871E-14,10.93290609
9.037,-21.59481485,-118.5101782,-0.013972277,8.649208879
9.056,-21.09311955,-115.7887574,-0.028789221,6.384278836
9.075,-20.60459688,-113.7571547,-0.042622604,4.136022717
9.094,-20.14327081,-112.3059434,-0.055309144,1.902307217
9.113,-19.71711705,-111.3404035,-0.066712053,-0.319031437
9.132,-19.33031974,-110.7819958,-0.07672026,-2.530179318
9.151,-18.98482326,-110.5671418,-0.085247702,-4.733337846
9.17,-18.68134225,-110.6451026,-0.092232744,-6.930717804
9.189,-18.42000266,-110.9757848,-0.097637703,-9.124534094
9.208,-18.20074649,-111.5278055,-0.101448512,-11.31700101
9.227,-18.02359169,-112.2769117,-0.103674521,-13.51032782
9.246,-17.88880746,-113.2047511,-0.104348431,-15.70671439
9.265,-17.79704378,-114.2979631,-0.103526367,-17.90834669
9.284,-17.74944179,-115.547552,-0.101288076,-20.11739193
9.303,-17.74774402,-116.9485211,-0.097737251,-22.33599312
9.322,-17.79442033,-118.4997644,-0.093001951,-24.56626289
9.341,-17.89282555,-120.2042415,-0.087235115,-26.81027622
9.36,-18.04740751,-122.0695047,-0.08061514,-29.0700621
9.379,-18.26399077,-124.1087128,-0.073346484,-31.34759371
9.398,-18.55017268,-126.3423815,-0.065660277,-33.6447771
9.417,-18.91588741,-128.8013292,-0.057814887,-35.96343809
9.436,-19.3742247,-131.531685,-0.050096391,-38.30530733
9.45,-19.78119006,-133.7568658,-0.044672559,-40.04669561
9.455,-19.9426403,-134.6036608,-0.042818899,-40.67200343
9.474,-2.06E+01,-138.1276212,-0.036324667,-43.06501407
9.493,-2.15E+01,-142.2852642,-0.030983925,-45.48567512
9.512,-2.26E+01,-147.3945425,-0.027194339,-47.93514796
9.531,-2.39E+01,-154.056308,-0.025380037,-50.41439513
9.55,-2.57E+01,-163.5132037,-0.025990106,-52.92415459
9.569,-27.74577002,-178.5343927,-0.029496477,-55.46491329
9.588,-29.88563982,155.4470831,-0.03639113,-58.03688034
9.607,-30.47255727,117.9416373,-0.047182552,-60.63996088
9.626,-28.39918945,86.97107353,-0.062391398,-63.27373124
9.645,-25.45997136,68.6135999,-0.082545353,-65.93741677
9.664,-22.77425516,57.20954809,-0.108173179,-68.62987325
9.683,-20.48302627,49.13816349,-0.139798037,-71.34957325
9.702,-18.52250149,42.77769844,-0.177930148,-74.0945986
9.721,-16.81997029,37.36985792,-0.223058969,-76.86264015
9.74,-15.32014393,32.52759286,-0.275645053,-79.6510058
9.759,-13.98345405,28.03770097,-0.336111851,-82.45663753
9.778,-12.78156501,23.77588877,-0.404837709,-85.27613781
9.797,-11.6938391,19.666987,-0.482148378,-88.10580537
9.816,-10.70491079,15.66480758,-0.568310312,-90.94167991
9.835,-9.803058147,11.74121487,-0.66352506,-93.77959457
9.854,-8.979100481,7.879809822,-0.767924997,-96.61523502
9.873,-8.225640695,4.072054843,-0.881570587,-99.44420309
9.892,-7.536537359,0.314753965,-1.004449319,-102.2620829
9.911,-6.906534255,-3.391677727,-1.136476358,-105.0645072
9.93,-6.331001026,-7.044460567,-1.27749688,-107.8472216
9.949,-5.805754115,-10.63938043,-1.427289976,-110.606145
9.968,-5.326936561,-14.17149633,-1.585573942,-113.3374225
9.987,-4.890940926,-17.6356793,-1.7520127,-116.0374726
10.006,-4.494363323,-21.02701521,-1.926223085,-118.7030239
10.025,-4.133979101,-24.34109362,-2.107782683,-121.331143
10.044,-3.806732721,-27.57420018,-2.296237932,-123.9192539
10.063,-3.509736077,-30.72342818,-2.491112199,-126.4651462
10.082,-3.240270946,-33.78672397,-2.691913592,-128.9669769
10.101,-2.995792546,-36.76288068,-2.898142302,-131.4232632
10.12,-2.773932238,-39.65149354,-3.109297305,-133.8328695
10.139,-2.572498279,-42.45288882,-3.324882341,-136.1949892
10.158,-2.389474147,-45.16803672,-3.544411073,-138.5091221
10.177,-2.22301444,-47.79845663,-3.76741143,-140.7750494
10.196,-2.071438595,-50.34612133,-3.99342913,-142.9928069
10.215,-1.933222866,-52.81336485,-4.222030425,-145.1626573
10.234,-1.806991007,-55.20279711,-4.452804128,-147.2850628
10.253,-1.691504141,-57.51722739,-4.685362989,-149.3606579
10.272,-1.585650207,-59.75959737,-4.919344503,-151.3902242
10.291,-1.488433347,-61.93292397,-5.154411221,-153.3746658
10.31,-1.398963488,-64.0402516,-5.390250665,-155.3149873
10.329,-1.316446341,-66.08461314,-5.626574888,-157.2122735
10.348,-1.240173935,-68.06899877,-5.863119787,-159.0676709
10.367,-1.169515786,-69.99633164,-6.099644197,-160.8823716
10.386,-1.103910751,-71.86944948,-6.335928847,-162.6575988
10.405,-1.042859568,-73.69109127,-6.571775204,-164.3945943
10.424,-0.985918086,-75.46388796,-6.807004259,-166.0946078
10.443,-0.932691148,-77.19035667,-7.041455282,-167.7588877
10.462,-0.882827104,-78.87289764,-7.274984567,-169.3886733
10.481,-0.836012889,-80.51379332,-7.507464202,-170.9851885
10.5,-0.791969648,-82.1152092,-7.738780861,-172.5496364
10.519,-0.750448834,-83.67919594,-7.96883465,-174.083195
10.538,-0.711228748,-85.20769242,-8.197537993,-175.587014
10.557,-0.674111476,-86.70252961,-8.424814592,-177.0622121
10.576,-0.638920177,-88.16543477,-8.650598434,-178.5098752
10.595,-0.605496683,-89.59803611,-8.874832867,-179.9310548
10.614,-0.573699381,-91.0018675,-9.097469742,178.6732325
10.633,-0.543401342,-92.37837334,-9.318468613,177.3020057
10.652,-0.514488668,-93.72891332,-9.537795998,175.9543195
10.671,-0.486859036,-95.05476722,-9.755424699,174.6292641
10.69,-0.460420405,-96.35713947,-9.971333177,173.3259646
10.709,-0.435089883,-97.63716359,-10.18550498,172.0435809
10.728,-0.410792719,-98.8959065,-10.39792821,170.7813063
10.747,-0.387461411,-100.1343726,-10.60859507,169.5383674
10.766,-0.365034927,-101.3535074,-10.81750139,168.3140225
10.785,-0.343458002,-102.5542018,-11.02464626,167.1075611
10.804,-0.322680524,-103.7372947,-11.23003167,165.9183026
10.823,-0.30265699,-104.9035769,-11.43366216,164.7455952
10.842,-0.283346015,-106.053794,-11.63554455,163.5888151
10.861,-0.264709908,-107.1886491,-11.83568766,162.4473652
10.88,-0.246714287,-108.3088056,-12.03410205,161.3206739
10.899,-0.229327736,-109.41489,-12.23079984,160.2081945
10.918,-0.21252151,-110.5074935,-12.42579449,159.1094036
10.937,-0.196269255,-111.5871751,-12.61910063,158.0238006
10.956,-0.180546776,-112.654463,-12.81073388,156.9509062
10.975,-0.165331819,-113.7098569,-13.00071073,155.8902619
10.994,-0.150603879,-114.7538296,-13.18904839,154.8414288
11.013,-0.136344029,-115.7868285,-13.37576472,153.8039869
11.032,-0.122534768,-116.8092777,-13.56087805,152.7775339
11.051,-0.109159882,-117.8215789,-13.74440716,151.7616848
11.07,-0.09620432,-118.824113,-13.92637113,150.756071
11.089,-0.083654086,-119.8172415,-14.10678934,149.7603391
11.108,-0.071496139,-120.8013072,-14.28568134,148.7741509
11.127,-0.059718303,-121.776636,-14.46306682,147.797182
11.146,-0.048309186,-122.7435373,-14.63896554,146.8291219
11.165,-0.03725811,-123.7023052,-14.81339732,145.8696726
11.184,-0.026555046,-124.6532197,-14.98638195,144.9185485
11.203,-0.016190552,-125.5965468,-15.15793919,143.9754756
11.222,-0.006155723,-126.5325402,-15.32808871,143.0401912
11.241,-1.83222E-14,-127.4614413,-15.49685009,142.1124431
11.26,3.85731E-14,-128.3834801,-15.66424278,141.1919893
11.279,-8.67895E-15,-129.2988761,-15.83028607,140.2785973
11.298,-2.41082E-14,-130.2078386,-15.99499908,139.3720441
11.317,-3.85731E-14,-131.1105674,-16.15840076,138.4721153
11.336,2.50725E-14,-132.0072532,-16.32050985,137.5786049
11.355,-1.15719E-14,-132.8980783,-16.48134487,136.6913151
11.374,-2.70012E-14,-133.783217,-16.64092412,135.8100555
11.393,3.27871E-14,-134.6628357,-16.7992657,134.9346433
11.412,-2.02509E-14,-135.5370939,-16.95638742,134.0649024
11.431,2.31439E-14,-136.4061441,-17.1123069,133.2006636
11.45,0,-137.2701326,-17.26704148,132.341764
11.469,-2.02509E-14,-138.1291993,-17.42060826,131.4880468
11.488,3.85731E-15,-138.9834784,-17.57302409,130.6393611
11.507,5.40023E-14,-139.8330986,-17.72430557,129.7955614
11.526,1.54292E-14,-140.6781835,-17.87446904,128.9565078
11.545,-1.92865E-15,-141.5188516,-18.02353058,128.1220653
11.564,-2.89298E-15,-142.3552168,-18.17150604,127.2921039
11.583,2.70012E-14,-143.1873885,-18.31841099,126.4664983
11.602,3.08585E-14,-144.0154719,-18.46426076,125.6451276
11.621,4.43591E-14,-144.8395681,-18.60907045,124.8278754
11.64,2.70012E-14,-145.6597744,-18.75285489,124.0146292
11.659,3.47158E-14,-146.4761846,-18.89562868,123.2052806
11.678,4.62877E-14,-147.2888889,-19.03740618,122.3997249
11.697,5.78596E-15,-148.0979742,-19.17820151,121.5978612
11.716,-3.85731E-15,-148.9035244,-19.31802856,120.7995918
11.735,1.54292E-14,-149.7056202,-19.45690099,120.0048228
11.754,-1.92865E-14,-150.5043397,-19.59483224,119.213463
11.773,0,-151.2997582,-19.73183551,118.4254247
11.792,-1.35006E-14,-152.0919483,-19.86792382,117.640623
11.811,3.85731E-14,-152.8809803,-20.00310995,116.8589759
11.83,-2.70012E-14,-153.6669222,-20.13740647,116.0804041
11.849,-2.79655E-14,-154.4498395,-20.27082577,115.304831
11.868,-3.66444E-14,-155.2297958,-20.40338001,114.5321826
11.887,1.92865E-14,-156.0068526,-20.53508118,113.7623871
11.906,1.15719E-14,-156.7810694,-20.66594107,112.9953753
11.925,-1.35006E-14,-157.552504,-20.79597129,112.2310801
11.944,-2.70012E-14,-158.3212122,-20.92518326,111.4694368
11.963,-3.85731E-15,-159.0872483,-21.05358823,110.7103825
11.982,7.71462E-15,-159.8506648,-21.18119727,109.9538566
12.001,-8.67895E-15,-160.6115129,-21.30802129,109.1998003
12.02,1.92865E-14,-161.369842,-21.43407104,108.4481566
12.039,2.89298E-14,-162.1257004,-21.5593571,107.6988705
12.058,2.70012E-14,-162.8791348,-21.6838899,106.9518887
12.077,3.85731E-15,-163.6301908,-21.80767973,106.2071595
12.096,-2.79655E-14,-164.3789126,-21.93073671,105.4646329
12.115,-2.31439E-14,-165.1253432,-22.05307084,104.7242604
12.134,2.12152E-14,-165.8695246,-22.17469198,103.985995
12.153,3.27871E-14,-166.6114976,-22.29560985,103.2497913
12.172,-3.95374E-14,-167.3513021,-22.41583405,102.5156053
12.191,9.64327E-15,-168.0889768,-22.53537403,101.7833941
12.21,1.35006E-14,-168.8245595,-22.65423916,101.0531164
12.229,3.85731E-15,-169.5580871,-22.77243865,100.324732
12.248,7.71462E-15,-170.2895957,-22.88998163,99.59820207
12.267,1.92865E-15,-171.0191204,-23.00687711,98.87348887
12.286,-2.41082E-14,-171.7466956,-23.12313399,98.15055582
12.305,-3.18228E-14,-172.4723548,-23.23876106,97.42936745
12.324,-2.21795E-14,-173.1961309,-23.35376705,96.70988937
12.343,1.54292E-14,-173.918056,-23.46816054,95.99208821
12.362,1.92865E-14,-174.6381614,-23.58195007,95.2759316
12.381,3.08585E-14,-175.356478,-23.69514407,94.56138816
12.4,1.15719E-14,-176.0730357,-23.80775088,93.84842742
12.419,-1.73579E-14,-176.7878642,-23.91977879,93.13701981
12.438,-3.95374E-14,-177.5009922,-24.03123597,92.42713667
12.457,-4.24304E-14,-178.2124481,-24.14213055,91.71875015
12.476,-1.54292E-14,-178.9222597,-24.25247059,91.01183322
12.495,7.71462E-15,-179.6304541,-24.36226407,90.30635966
12.514,-2.50725E-14,179.6629418,-24.47151892,89.602304
12.533,3.85731E-15,178.9579018,-24.58024299,88.89964152
12.552,3.85731E-14,178.2544003,-24.6884441,88.19834819
12.571,-9.64327E-15,177.5524118,-24.79613,87.49840071
12.59,-3.76088E-14,176.8519115,-24.90330839,86.79977641
12.609,1.92865E-14,176.152875,-25.00998695,86.10245329
12.628,3.66444E-14,175.4552783,-25.11617328,85.40640996
12.647,-3.85731E-14,174.7590977,-25.22187495,84.71162564
12.666,2.31439E-14,174.0643099,-25.32709952,84.01808015
12.685,3.85731E-14,173.3708922,-25.43185447,83.32575383
12.704,-9.64327E-16,172.6788219,-25.53614729,82.63462761
12.723,1.92865E-15,171.9880769,-25.63998542,81.94468292
12.742,4.24304E-14,171.2986353,-25.74337628,81.25590171
12.761,-9.64327E-16,170.6104757,-25.84632727,80.5682664
12.78,-3.27871E-14,169.9235768,-25.94884576,79.8817599
12.799,-2.89298E-14,169.2379177,-26.05093912,79.19636558
12.818,2.70012E-14,168.5534778,-26.1526147,78.51206723
12.837,2.70012E-14,167.8702369,-26.25387984,77.82884908
12.856,-2.50725E-14,167.1881748,-26.35474186,77.14669576
12.875,1.92865E-15,166.5072718,-26.45520809,76.46559231
12.894,-2.60368E-14,165.8275084,-26.55528586,75.78552412
12.913,-3.27871E-14,165.1488653,-26.65498249,75.10647696
12.932,3.85731E-15,164.4713235,-26.75430531,74.42843695
12.951,-4.82164E-15,163.7948642,-26.85326165,73.75139054
12.97,-2.31439E-14,163.119469,-26.95185887,73.07532452
12.989,3.08585E-14,162.4451194,-27.05010431,72.40022596
13.008,1.15719E-14,161.7717974,-27.14800535,71.72608226
13.027,3.47158E-14,161.0994851,-27.24556939,71.05288107
13.046,-3.08585E-14,160.4281649,-27.34280383,70.38061034
13.065,-8.67895E-15,159.7578193,-27.4397161,69.70925826
13.084,3.85731E-14,159.088431,-27.53631368,69.03881328
13.103,-7.71462E-15,158.419983,-27.63260404,68.36926408
13.122,2.70012E-14,157.7524583,-27.72859473,67.70059956
13.141,3.08585E-14,157.0858404,-27.82429329,67.03280885
13.16,3.08585E-14,156.4201126,-27.91970733,66.36588127
13.179,-1.92865E-14,155.7552587,-28.01484449,65.69980632
13.198,1.92865E-14,155.0912625,-28.10971244,65.03457371
13.217,-2.21795E-14,154.4281081,-28.20431893,64.37017328
13.236,5.5931E-14,153.7657796,-28.29867174,63.70659508
13.255,-1.92865E-15,153.1042613,-28.3927787,63.04382927
13.274,-1.54292E-14,152.4435378,-28.4866477,62.38186616
13.293,0,151.7835938,-28.58028671,61.72069621
13.312,2.70012E-14,151.124414,-28.67370373,61.06030996
13.331,2.70012E-14,150.4659835,-28.76690686,60.40069809
13.35,2.31439E-14,149.8082873,-28.85990424,59.74185139
13.369,-1.92865E-14,149.1513108,-28.9527041,59.08376071
13.388,5.0145E-14,148.4950394,-29.04531475,58.42641701
13.407,-2.98942E-14,147.8394587,-29.13774458,57.76981131
13.426,0,147.1845543,-29.23000204,57.11393469
13.445,1.15719E-14,146.5303121,-29.3220957,56.4587783
13.464,-7.71462E-15,145.8767181,-29.4140342,55.80433334
13.483,-5.78596E-15,145.2237584,-29.50582629,55.15059102
13.502,4.05018E-14,144.5714193,-29.59748081,54.49754261
13.521,-2.79655E-14,143.9196871,-29.6890067,53.84517938
13.54,-5.78596E-15,143.2685484,-29.78041302,53.19349263
13.559,-2.21795E-14,142.6179898,-29.87170892,52.54247365
13.578,-2.31439E-14,141.9679982,-29.96290369,51.89211373
13.597,-1.73579E-14,141.3185603,-30.05400673,51.24240414
13.616,1.92865E-14,140.6696633,-30.14502756,50.59333615
13.635,-2.12152E-14,140.0212943,-30.23597583,49.94490098
13.654,-7.71462E-15,139.3734406,-30.32686132,49.29708983
13.673,-3.95374E-14,138.7260895,-30.41769397,48.64989382
13.692,-2.98942E-14,138.0792286,-30.50848384,48.00330406
13.711,3.85731E-14,137.4328456,-30.59924115,47.35731157
13.73,-5.8824E-14,136.7869283,-30.68997627,46.7119073
13.749,-2.02509E-14,136.1414644,-30.78069973,46.06708214
13.768,2.12152E-14,135.496442,-30.87142223,45.42282688
13.787,-1.06076E-14,134.8518493,-30.96215464,44.77913221
13.806,1.54292E-14,134.2076744,-31.052908,44.13598872
13.825,-3.27871E-14,133.5639058,-31.14369355,43.4933869
13.844,-3.85731E-15,132.9205318,-31.2345227,42.85131711
13.863,-2.98942E-14,132.2775412,-31.32540707,42.20976957
13.882,1.92865E-14,131.6349225,-31.41635848,41.5687344
13.901,2.70012E-14,130.9926647,-31.50738897,40.92820153
13.92,4.24304E-14,130.3507566,-31.59851077,40.28816076
13.939,3.85731E-15,129.7091873,-31.68973637,39.64860174
13.958,-1.83222E-14,129.0679459,-31.78107849,39.00951391
13.977,-0.000881379,128.4270218,-31.87255006,38.37088657
13.996,-0.002419942,127.7864043,-31.96416429,37.7327088
14,-0.002738012,127.6515756,-31.98347094,37.59841184
14.015,-0.003912569,127.146083,-32.05593466,37.0949695
14.034,-0.00535882,126.5060474,-32.14787488,36.45765735
14.053,-0.006758281,125.8662873,-32.23999898,35.82076082
14.072,-0.008110565,125.2267925,-32.33232126,35.18426815
14.091,-0.009415309,124.587553,-32.42485631,34.54816734
14.11,-0.010672176,123.9485589,-32.51761906,33.91244613
14.129,-0.011880855,123.3098003,-32.61062473,33.27709202
14.148,-0.01304106,122.6712675,-32.70388889,32.64209224
14.167,-0.01415253,122.032951,-32.79742746,32.00743372
14.186,-0.015215032,121.3948412,-32.89125672,31.37310312
14.205,-0.016228355,120.7569288,-32.9853933,30.73908677
14.224,-0.017192315,120.1192046,-33.07985425,30.10537071
14.243,-0.018106754,119.4816594,-33.174657,29.47194062
14.262,-0.018971538,118.8442842,-33.26981941,28.83878187
14.281,-0.019786559,118.20707,-33.36535976,28.20587944
14.3,-0.020551733,117.5700082,-33.46129679,27.57321796
14.319,-0.021267003,116.9330899,-33.55764971,26.94078166
14.338,-0.021932335,116.2963067,-33.65443821,26.30855439
14.357,-0.022547722,115.65965,-33.75168249,25.67651956
14.376,-0.02311318,115.0231117,-33.84940327,25.04466014
14.395,-0.023628751,114.3866833,-33.94762183,24.41295866
14.414,-0.024094502,113.7503568,-34.04636001,23.78139718
14.433,-0.024510522,113.1141243,-34.14564026,23.14995725
14.452,-0.024876929,112.4779778,-34.24548563,22.51861993
14.471,-0.025193862,111.8419096,-34.34591982,21.88736572
14.49,-0.025461485,111.205912,-34.4469672,21.25617458
14.509,-0.025679988,110.5699775,-34.54865286,20.62502588
14.528,-0.025849583,109.9340988,-34.65100261,19.99389838
14.547,-0.025970508,109.2982684,-34.75404301,19.3627702
14.566,-0.026043024,108.6624793,-34.85780145,18.7316188
14.585,-0.026067415,108.0267244,-34.96230611,18.10042095
14.604,-0.026043991,107.3909967,-35.06758609,17.46915267
14.623,-0.025973083,106.7552895,-35.17367137,16.83778924
14.642,-0.025855048,106.1195959,-35.28059289,16.20630512
14.661,-0.025690264,105.4839095,-35.3883826,15.57467393
14.68,-0.025479135,104.8482238,-35.49707347,14.94286841
14.699,-0.025222085,104.2125325,-35.6066996,14.31086038
14.718,-0.024919563,103.5768292,-35.7172962,13.67862065
14.737,-0.02457204,102.941108,-35.82889972,13.04611903
14.756,-0.024180009,102.3053628,-35.94154786,12.41332423
14.775,-0.023743988,101.6695878,-36.05527964,11.78020381
14.794,-0.023264514,101.0337773,-36.17013549,11.14672412
14.813,-0.022742148,100.3979256,-36.2861573,10.51285022
14.832,-0.022177471,99.76202723,-36.40338851,9.878545829
14.851,-0.021571089,99.12607685,-36.52187417,9.243773208
14.87,-0.020923626,98.4900692,-36.64166106,8.608493097
14.889,-0.020235729,97.85399916,-36.76279776,7.972664613
14.908,-0.019508066,97.21786174,-36.88533476,7.336245143
14.927,-0.018741325,96.58165205,-37.00932454,6.699190236
14.946,-0.017936215,95.94536535,-37.13482173,6.061453482
14.965,-0.017093467,95.308997,-37.2618832,5.422986375
14.984,-0.016213828,94.67254251,-37.39056818,4.783738171
15.003,-0.015298069,94.0359975,-37.52093844,4.143655731
15.022,-0.014346979,93.3993577,-37.65305839,3.50268335
15.041,-0.013361365,92.762619,-37.78699531,2.860762567
15.06,-0.012342055,92.12577739,-37.92281945,2.217831957
15.079,-0.011289895,91.48882898,-38.06060427,1.573826911
15.098,-0.010205749,90.85177002,-38.20042663,0.928679384
15.117,-0.0090905,90.21459688,-38.34236698,0.282317623
15.136,-0.007945047,89.57730605,-38.48650967,-0.365334133
15.155,-0.006770308,88.93989415,-38.63294312,-1.014355988
15.174,-0.005567219,88.30235792,-38.78176018,-1.664832748
15.193,-0.00433673,87.66469423,-38.93305837,-2.316854335
15.212,-0.00307981,87.02690006,-39.08694026,-2.970516234
15.231,-0.001797443,86.38897254,-39.24351379,-3.625919989
15.25,-0.000490629,85.75090889,-39.40289271,-4.283173766
15.269,-5.78596E-15,85.11270648,-39.56519698,-4.942392973
15.288,-2.70012E-14,84.47436279,-39.73055324,-5.603700949
15.307,-3.08585E-14,83.83587541,-39.89909534,-6.267229746
15.326,1.54292E-14,83.19724209,-40.07096491,-6.933121
15.345,4.62877E-14,82.55846065,-40.24631199,-7.60152691
15.364,3.47158E-14,81.91952907,-40.4252957,-8.272611346
15.383,3.47158E-14,81.28044543,-40.60808505,-8.9465511
15.402,2.89298E-14,80.64120793,-40.79485972,-9.623537299
15.421,2.70012E-14,80.00181489,-40.98581107,-10.30377702
15.44,-1.35006E-14,79.36226475,-41.18114314,-10.9874951
15.459,2.12152E-14,78.72255606,-41.38107381,-11.67493628
15.478,-8.67895E-15,78.08268748,-41.58583616,-12.36636755
15.497,-8.67895E-15,77.44265779,-41.79567986,-13.06208091
15.516,-1.73579E-14,76.80246588,-42.01087285,-13.76239661
15.535,-2.12152E-14,76.16211074,-42.2317032,-14.46766674
15.554,-6.75029E-15,75.52159148,-42.45848115,-15.17827955
15.573,3.27871E-14,74.88090731,-42.69154152,-15.89466445
15.592,1.15719E-14,74.24005756,-42.93124638,-16.61729776
15.611,1.92865E-15,73.59904162,-43.17798813,-17.34670961
15.63,1.54292E-14,72.95785904,-43.43219299,-18.08349202
15.649,1.54292E-14,72.31650941,-43.69432506,-18.82830844
15.668,3.08585E-14,71.67499245,-43.96489097,-19.58190518
15.687,-2.70012E-14,71.03330796,-44.24444526,-20.34512507
15.706,-5.0145E-14,70.39145584,-44.53359663,-21.11892396
15.725,-2.70012E-14,69.74943606,-44.83301531,-21.90439058
15.744,-4.05018E-14,69.1072487,-45.14344161,-22.70277093
15.763,-1.83222E-14,68.46489389,-45.4656961,-23.5154981
15.782,-8.67895E-15,67.82237185,-45.80069161,-24.34422909
15.801,-3.66444E-14,67.17968288,-46.1494476,-25.1908908
15.82,-5.78596E-15,66.53682734,-46.5131074,-26.05773768
15.839,-1.92865E-15,65.89380565,-46.89295905,-26.94742475
15.858,3.27871E-14,65.25061831,-47.29046057,-27.86310106
15.877,4.24304E-14,64.60726585,-47.70727105,-28.80853036
15.896,-1.92865E-15,63.96374887,-48.14528897,-29.78824882
15.915,1.92865E-15,63.32006801,-48.60669988,-30.80777358
15.934,1.35006E-14,62.67622394,-49.09403635,-31.8738822
15.953,2.31439E-14,62.03221737,-49.61025392,-32.99499267
15.972,-1.15719E-14,61.38804904,-50.15882816,-34.18168827
15.991,3.47158E-14,60.74371971,-50.74388014,-35.44745558
16.01,-1.73579E-14,60.09923015,-51.37033988,-36.80974225
16.029,-2.89298E-15,59.45458113,-52.04416125,-38.29150647
16.048,4.05018E-14,58.80977343,-52.7726063,-39.92354144
16.067,-3.95374E-14,58.1648078,-53.5646222,-41.74805723
16.086,3.85731E-15,57.519685,-54.43133708,-43.82436685
16.105,5.97883E-14,56.87440573,-55.38669303,-46.23821431
16.124,-2.12152E-14,56.22897067,-56.44818507,-49.11763382
16.143,2.70012E-14,55.58338044,-57.63748621,-52.66092801
16.162,-1.63936E-14,54.9376356,-58.98008805,-57.18770364
16.181,2.50725E-14,54.29173664,-60.50089203,-63.23341494
16.2,5.20737E-14,53.64568395,-62.20542217,-71.71583073
16.219,-1.35006E-14,52.99947784,-64.01513147,-84.14100665
16.238,1.73579E-14,52.35311849,-65.5985043,-102.3218417
16.257,-2.02509E-14,51.70660594,-66.23781664,-125.8260593
16.276,-1.35006E-14,51.05994011,-65.48082784,-148.9544883
16.295,2.50725E-14,50.41312074,-63.86419062,-166.4725464
16.314,-3.08585E-14,49.76614737,-62.07557773,-178.3954926
16.333,-2.12152E-14,49.11901936,-60.40877608,173.4335464
16.352,-1.35006E-14,48.47173583,-58.92781857,167.5757745
16.371,-1.83222E-14,47.82429565,-57.62342999,163.1641536
16.39,-9.64327E-16,47.17669742,-56.47029052,159.6924837
16.409,-8.67895E-15,46.52893943,-55.44335447,156.8574904
16.428,-2.70012E-14,45.88101964,-54.52154291,154.470205
16.447,4.62877E-14,45.23293565,-53.68791579,152.4081332
16.466,-3.18228E-14,44.58468467,-52.92901264,150.5889522
16.485,-3.85731E-15,43.93626347,-52.23412068,148.9555445
16.504,3.85731E-14,43.28766833,-51.5946573,147.4671595
16.523,-2.89298E-14,42.63889504,-51.00368912,146.094008
16.542,-9.64327E-16,41.98993882,-50.45556734,144.8138449
16.561,3.47158E-14,41.34079427,-49.94565307,143.6097457
16.58,5.78596E-15,40.69145532,-49.47011026,142.4686202
16.599,2.31439E-14,40.04191518,-49.02574853,141.3801962
16.618,1.92865E-14,39.39216625,-48.60990311,140.3363083
16.637,1.54292E-14,38.74220008,-48.22034255,139.3303922
16.656,-3.56801E-14,38.09200726,-47.85519726,138.3571183
16.675,1.73579E-14,37.44157735,-47.51290403,137.4121211
16.694,1.15719E-14,36.79089878,-47.19216281,136.491799
16.713,-1.44649E-14,36.13995874,-46.89190322,135.5931621
16.732,-3.85731E-15,35.48874305,-46.61125886,134.7137167
16.751,5.0145E-14,34.83723608,-46.34954785,133.8513765
16.77,3.27871E-14,34.18542052,-46.10625888,133.0043942
16.789,4.24304E-14,33.53327731,-45.8810418,132.1713081
16.808,-6.75029E-15,32.88078538,-45.67370258,131.3509018
16.827,-3.95374E-14,32.2279215,-45.48420219,130.5421727
16.846,-4.14661E-14,31.57466002,-45.31265971,129.7443091
16.865,-5.11094E-14,30.92097264,-45.15935954,128.9566744
16.884,1.35006E-14,30.26682808,-45.02476347,128.1787973
16.903,7.71462E-15,29.61219179,-44.90952829,127.4103686
16.922,-1.73579E-14,28.95702557,-44.81452988,126.6512443
16.941,-1.54292E-14,28.30128709,-44.74089563,125.9014557
16.96,2.31439E-14,27.64492948,-44.69004729,125.1612291
16.979,-1.92865E-14,26.98790072,-44.66375753,124.4310165
16.998,-2.79655E-14,26.33014299,-44.66422464,123.7115408
17.017,-1.35006E-14,25.67159195,-44.69417222,123.0038639
17.036,4.24304E-14,25.01217584,-44.75698324,122.3094838
17.055,-3.18228E-14,24.3518145,-44.85688317,121.6304796
17.074,1.54292E-14,23.69041814,-44.9991944,120.9697262
17.093,3.85731E-14,23.027886,-45.19069684,120.331223
17.112,-7.71462E-15,22.36410465,-45.44015175,119.7206097
17.131,-2.12152E-14,21.69894606,-45.75908465,119.1460025
17.15,-7.71462E-15,21.03226528,-46.16299605,118.6194108
17.169,2.70012E-14,20.36389758,-46.67331194,118.1592561
17.188,-2.89298E-15,19.69365514,-47.32068749,117.7951412
17.207,0,19.02132288,-48.15096303,117.5776117
17.226,-1.73579E-14,18.34665344,-49.23679627,117.6002655
17.245,-2.98942E-14,17.66936102,-50.70292698,118.0571953
17.264,-1.54292E-14,16.98911367,-52.78979614,119.4248894
17.283,-3.85731E-15,16.30552365,-56.05266925,123.2525344
17.302,-2.70012E-14,15.61813537,-62.19028675,138.468325
17.321,-4.91807E-14,14.92640984,-65.79849756,-123.0159312
17.34,-2.50725E-14,14.22970484,-56.21584255,-88.36159736
17.359,-8.67895E-15,13.52724903,-50.78069652,-82.23182307
17.378,2.31439E-14,12.81810783,-46.94850623,-80.24466939
17.397,1.92865E-14,12.10113796,-43.87691242,-79.57859753
17.416,-3.66444E-14,11.37492585,-41.23087768,-79.5068613
17.435,-7.71462E-15,10.63770296,-38.84142862,-79.76330989
17.454,-7.71462E-15,9.887227169,-36.60787218,-80.23162624
17.473,-4.14661E-14,9.12061356,-34.46115668,-80.85798248
17.492,-0.000490458,8.334087349,-32.34691026,-81.62111394
17.5,-0.003309613,7.995801681,-31.45447138,-81.98291573
17.511,-0.007481238,7.522614375,-30.21559089,-82.52224958
17.53,-0.015662654,6.679332632,-28.01468498,-83.58509996
17.549,-0.025455041,5.794649438,-25.67968242,-84.86566098
17.568,-0.037493808,4.854754307,-23.11953169,-86.48053637
17.587,-0.052777718,3.839064922,-20.18688279,-88.68622713
17.606,-0.072952381,2.715627201,-16.6036137,-92.14303736
17.625,-0.100890608,1.432383451,-11.72680016,-99.13865493
17.644,-0.141984213,-0.100289018,-3.763865374,-124.2838775
17.663,-0.20733663,-2.045380433,-2.828890449,138.6699652
17.682,-0.322773952,-4.70112316,-9.647478568,112.0778038
17.701,-0.558902434,-8.372467241,-13.29692122,104.8534523
17.72,-1.150372288,-8.534495993,-15.60490384,101.2926819
17.739,-2.824218482,13.83231034,-17.22643855,98.99910097
17.758,-3.131546725,14.24390304,-18.4375981,97.28728812
17.777,-1.125059385,10.07580264,-19.37845774,95.88950223
17.796,-0.44712726,7.158023984,-20.12931443,94.68004381
17.815,-0.21520053,5.078879295,-20.7402518,93.59224042
17.834,-0.117446226,3.470517909,-21.2444923,92.58750854
17.853,-0.069676149,2.14029278,-21.66512999,91.64201037
17.872,-0.043971643,0.985208845,-22.01881977,90.74024903
17.891,-0.029274859,-0.053379522,-22.31793414,89.87173112
17.9,-0.024599454,-0.515455265,-22.44336914,89.46972953
17.91,-0.020582713,-1.010942781,-22.57189128,89.0291106
17.929,-0.015392013,-1.910072526,-22.78800835,88.20710032
17.948,-0.012348573,-2.76579613,-22.97206962,87.40180504
17.967,-0.010672654,-3.588481729,-23.12871621,86.61029723
17.986,-0.009891759,-4.38550872,-23.26172046,85.83033859
18.005,-0.009707026,-5.162271621,-23.37418348,85.06019211
18.024,-0.00992233,-5.922806799,-23.46868011,84.29849218
18.043,-0.010404724,-6.670196955,-23.54736728,83.54415282
18.062,-0.011061413,-7.406839855,-23.61206614,82.79630171
18.081,-0.011825855,-8.134631512,-23.66432524,82.05423187
18.1,-0.012649103,-8.855093899,-23.70546973,81.31736573
18.119,-0.013494248,-9.569465829,-23.73664008,80.58522812
18.138,-0.014332787,-10.27876878,-23.75882289,79.8574256
18.157,-0.01514217,-10.98385542,-23.77287566,79.13363054
18.176,-0.015904133,-11.68544583,-23.77954678,78.41356866
18.195,-0.016603535,-12.38415498,-23.7794919,77.69700926
18.214,-0.017227533,-13.08051384,-23.77328735,76.9837574
18.233,-0.017764995,-13.77498576,-23.7614413,76.27364766
18.252,-0.018206072,-14.46797928,-23.74440301,75.56653906
18.271,-0.018541883,-15.15985833,-23.72257054,74.86231096
18.29,-0.01876428,-15.85095043,-23.69629737,74.16085966
18.3,-0.018833195,-16.21446873,-23.68079348,73.7927593
18.309,-0.018865682,-16.54155321,-23.66589785,73.46209557
18.328,-0.018838935,-17.23193984,-23.63165194,72.76594092
18.347,-0.01867722,-17.92236339,-23.59380923,72.07232777
18.366,-0.018373976,-18.61306055,-23.55259233,71.38119635
18.385,-0.017922844,-19.30425464,-23.5081999,70.69249369
18.404,-0.017317625,-19.99615819,-23.46080916,70.00617236
18.423,-0.01655225,-20.68897516,-23.4105781,69.3221895
18.442,-0.015620754,-21.38290279,-23.35764744,68.64050585
18.461,-0.014517265,-22.07813325,-23.30214227,67.96108501
18.48,-0.013235991,-22.77485501,-23.24417353,67.28389272
18.499,-0.011771217,-23.47325415,-23.18383927,66.60889628
18.518,-0.010117306,-24.1735154,-23.1212258,65.93606393
18.537,-0.008268698,-24.8758232,-23.05640866,65.26536444
18.556,-0.006219921,-25.58036255,-22.98945347,64.59676656
18.575,-0.003965599,-26.28731988,-22.9204167,63.93023869
18.594,-0.001500465,-26.99688379,-22.84934635,63.26574841
18.613,3.85731E-15,-27.70924577,-22.77628249,62.60326217
18.632,1.92865E-14,-28.42460087,-22.70125784,61.94274492
18.651,3.08585E-14,-29.14314839,-22.62429817,61.28415975
18.67,-9.64327E-16,-29.86509242,-22.54542271,60.6274676
18.689,1.15719E-14,-30.59064255,-22.4646445,59.9726269
18.708,-1.06076E-14,-31.32001436,-22.38197064,59.3195933
18.727,2.31439E-14,-32.05343008,-22.29740262,58.66831928
18.746,2.31439E-14,-32.79111914,-22.21093645,58.01875385
18.765,3.85731E-15,-33.53331877,-22.1225629,57.37084223
18.784,1.92865E-14,-34.28027456,-22.03226762,56.72452547
18.803,3.85731E-15,-35.03224109,-21.94003123,56.07974011
18.822,-6.75029E-15,-35.7894825,-21.84582944,55.43641777
18.841,-1.25363E-14,-36.55227311,-21.74963309,54.79448476
18.86,-1.73579E-14,-37.32089809,-21.65140818,54.15386162
18.879,0,-38.09565401,-21.55111586,53.51446271
18.898,-1.83222E-14,-38.87684958,-21.44871243,52.87619565
18.917,3.47158E-14,-39.66480629,-21.34414924,52.23896079
18.936,-6.75029E-15,-40.4598591,-21.23737267,51.60265068
18.955,-1.15719E-14,-41.26235713,-21.128324,50.96714933
18.974,1.92865E-14,-42.07266441,-21.01693927,50.33233159
18.993,-1.06076E-14,-42.89116061,-20.90314912,49.69806237
19.012,5.78596E-15,-43.71824179,-20.78687863,49.06419574
19.031,1.15719E-14,-44.55432115,-20.66804707,48.43057407
19.05,-3.66444E-14,-45.39982985,-20.54656764,47.79702695
19.069,2.70012E-14,-46.25521776,-20.42234722,47.16337006
19.088,7.71462E-15,-47.12095425,-20.29528602,46.5294039
19.107,-4.14661E-14,-47.99752897,-20.16527718,45.89491238
19.126,2.12152E-14,-48.88545264,-20.03220642,45.2596612
19.145,-3.56801E-14,-49.78525776,-19.89595154,44.62339614
19.164,3.08585E-14,-50.69749939,-19.7563819,43.98584102
19.183,-2.79655E-14,-51.62275577,-19.61335787,43.34669547
19.202,-3.56801E-14,-52.56162895,-19.46673015,42.70563243
19.221,-3.27871E-14,-53.51474537,-19.31633911,42.06229525
19.24,3.66444E-14,-54.48275626,-19.16201393,41.41629451
19.259,7.71462E-15,-55.46633796,-19.00357177,40.76720431
19.278,-5.0145E-14,-56.46619211,-18.84081673,40.11455806
19.297,-2.89298E-14,-57.48304563,-18.67353879,39.45784372
19.316,-6.75029E-15,-58.51765043,-18.50151254,38.79649831
19.335,3.85731E-14,-59.57078294,-18.32449579,38.12990155
19.354,3.27871E-14,-60.64324321,-18.14222806,37.45736863
19.373,9.64327E-15,-61.73585374,-17.9544288,36.77814172
19.392,1.15719E-14,-62.84945773,-17.76079543,36.0913802
19.411,3.08585E-14,-63.98491692,-17.56100116,35.39614924
19.43,9.64327E-15,-65.14310871,-17.35469246,34.69140643
19.449,-5.20737E-14,-66.32492266,-17.14148626,33.97598607
19.468,3.85731E-15,-67.53125612,-16.92096676,33.24858063
19.487,1.73579E-14,-68.76300899,-16.69268176,32.50771883
19.506,-2.60368E-14,-70.02107732,-16.45613855,31.75173944
19.525,-2.31439E-14,-71.3063459,-16.21079921,30.97876006
19.544,1.92865E-14,-72.61967941,-15.95607519,30.18663949
19.563,4.62877E-14,-73.9619122,-15.69132113,29.37293222
19.582,-3.27871E-14,-75.33383645,-15.41582785,28.53483321
19.601,2.31439E-14,-76.7361887,-15.12881416,27.66911021
19.62,0,-78.16963452,-14.82941762,26.77202051
19.639,1.54292E-14,-79.63475133,-14.51668381,25.83920782
19.658,1.54292E-14,-81.13200926,-14.18955414,24.86557349
19.677,0,-82.6617501,-13.84685187,23.84511478
19.696,-1.54292E-14,-84.22416438,-13.48726629,22.77071978
19.715,-0.053252186,-85.81926662,-13.10933504,21.63390575
19.734,-0.118810333,-87.44686915,-12.71142457,20.424482
19.753,-0.193266312,-89.10655466,-12.29170932,19.13011207
19.772,-0.277389216,-90.79764799,-11.84815087,17.73574007
19.791,-0.371972297,-92.51918764,-11.37847914,16.22283231
19.81,-0.477825787,-94.26989779,-10.88018047,14.56836648
19.829,-0.595768305,-96.04816147,-10.35050087,12.74347386
19.848,-0.726616889,-97.85199582,-9.786480066,10.71160507
19.867,-0.871175825,-99.67903034,-9.185044573,8.426045292
19.886,-1.030224518,-101.5264891,-8.543211105,5.826558876
19.905,-1.204504731,-103.3911779,-7.858492707,2.834921803
19.924,-1.394707633,-105.2694766,-7.129672034,-0.650818132
19.943,-1.601461117,-107.1573384,-6.358226312,-4.763118883
19.962,-1.825317904,-109.0502947,-5.550864922,-9.671312156
19.981,-2.066744914,-110.9434676,-4.723814913,-15.58301478
20,-2.326114351,-112.8315873,-3.909352089,-22.72939164
